,timestamp,hf,hl,seed,gpu,image_name,heigth,width,cropped_heigth,cropped_width,is_cropped,lr,epochs,date,root_path,path
18,1603478755-305517,75,10,0,True,cameramen,512,512,256.0,256.0,True,0.0001,100000,23-10-2020,/home/chiarlo/siren-project/results/cameramen/23-10-2020/1603478755-305517/train,/home/chiarlo/siren-project/results/cameramen/23-10-2020/1603478755-305517/train/arch_no_0/trial_no_0/checkpoints/model_final.pth
19,1603478755-305517,75,10,42,True,cameramen,512,512,256.0,256.0,True,0.0001,100000,23-10-2020,/home/chiarlo/siren-project/results/cameramen/23-10-2020/1603478755-305517/train,/home/chiarlo/siren-project/results/cameramen/23-10-2020/1603478755-305517/train/arch_no_1/trial_no_0/checkpoints/model_final.pth
20,1603478755-305517,75,10,123,True,cameramen,512,512,256.0,256.0,True,0.0001,100000,23-10-2020,/home/chiarlo/siren-project/results/cameramen/23-10-2020/1603478755-305517/train,/home/chiarlo/siren-project/results/cameramen/23-10-2020/1603478755-305517/train/arch_no_2/trial_no_0/checkpoints/model_final.pth
21,1603478755-305517,75,11,0,True,cameramen,512,512,256.0,256.0,True,0.0001,100000,23-10-2020,/home/chiarlo/siren-project/results/cameramen/23-10-2020/1603478755-305517/train,/home/chiarlo/siren-project/results/cameramen/23-10-2020/1603478755-305517/train/arch_no_3/trial_no_0/checkpoints/model_final.pth
22,1603478755-305517,75,11,42,True,cameramen,512,512,256.0,256.0,True,0.0001,100000,23-10-2020,/home/chiarlo/siren-project/results/cameramen/23-10-2020/1603478755-305517/train,/home/chiarlo/siren-project/results/cameramen/23-10-2020/1603478755-305517/train/arch_no_4/trial_no_0/checkpoints/model_final.pth
23,1603478755-305517,75,11,123,True,cameramen,512,512,256.0,256.0,True,0.0001,100000,23-10-2020,/home/chiarlo/siren-project/results/cameramen/23-10-2020/1603478755-305517/train,/home/chiarlo/siren-project/results/cameramen/23-10-2020/1603478755-305517/train/arch_no_5/trial_no_0/checkpoints/model_final.pth
24,1603478755-305517,75,12,0,True,cameramen,512,512,256.0,256.0,True,0.0001,100000,23-10-2020,/home/chiarlo/siren-project/results/cameramen/23-10-2020/1603478755-305517/train,/home/chiarlo/siren-project/results/cameramen/23-10-2020/1603478755-305517/train/arch_no_6/trial_no_0/checkpoints/model_final.pth
25,1603478755-305517,75,12,42,True,cameramen,512,512,256.0,256.0,True,0.0001,100000,23-10-2020,/home/chiarlo/siren-project/results/cameramen/23-10-2020/1603478755-305517/train,/home/chiarlo/siren-project/results/cameramen/23-10-2020/1603478755-305517/train/arch_no_7/trial_no_0/checkpoints/model_final.pth
26,1603478755-305517,75,12,123,True,cameramen,512,512,256.0,256.0,True,0.0001,100000,23-10-2020,/home/chiarlo/siren-project/results/cameramen/23-10-2020/1603478755-305517/train,/home/chiarlo/siren-project/results/cameramen/23-10-2020/1603478755-305517/train/arch_no_8/trial_no_0/checkpoints/model_final.pth
27,1603478755-305517,75,13,0,True,cameramen,512,512,256.0,256.0,True,0.0001,100000,23-10-2020,/home/chiarlo/siren-project/results/cameramen/23-10-2020/1603478755-305517/train,/home/chiarlo/siren-project/results/cameramen/23-10-2020/1603478755-305517/train/arch_no_9/trial_no_0/checkpoints/model_final.pth
28,1603478755-305517,75,13,42,True,cameramen,512,512,256.0,256.0,True,0.0001,100000,23-10-2020,/home/chiarlo/siren-project/results/cameramen/23-10-2020/1603478755-305517/train,/home/chiarlo/siren-project/results/cameramen/23-10-2020/1603478755-305517/train/arch_no_10/trial_no_0/checkpoints/model_final.pth
29,1603478755-305517,75,13,123,True,cameramen,512,512,256.0,256.0,True,0.0001,100000,23-10-2020,/home/chiarlo/siren-project/results/cameramen/23-10-2020/1603478755-305517/train,/home/chiarlo/siren-project/results/cameramen/23-10-2020/1603478755-305517/train/arch_no_11/trial_no_0/checkpoints/model_final.pth
30,1603557121-338703,55,10,0,True,cameramen,512,512,256.0,256.0,True,0.0001,100000,24-10-2020,/home/chiarlo/siren-project/results/cameramen/24-10-2020/1603557121-338703/train,/home/chiarlo/siren-project/results/cameramen/24-10-2020/1603557121-338703/train/arch_no_0/trial_no_0/checkpoints/model_final.pth
31,1603557121-338703,55,10,42,True,cameramen,512,512,256.0,256.0,True,0.0001,100000,24-10-2020,/home/chiarlo/siren-project/results/cameramen/24-10-2020/1603557121-338703/train,/home/chiarlo/siren-project/results/cameramen/24-10-2020/1603557121-338703/train/arch_no_1/trial_no_0/checkpoints/model_final.pth
32,1603557121-338703,55,10,123,True,cameramen,512,512,256.0,256.0,True,0.0001,100000,24-10-2020,/home/chiarlo/siren-project/results/cameramen/24-10-2020/1603557121-338703/train,/home/chiarlo/siren-project/results/cameramen/24-10-2020/1603557121-338703/train/arch_no_2/trial_no_0/checkpoints/model_final.pth
33,1603557121-338703,55,11,0,True,cameramen,512,512,256.0,256.0,True,0.0001,100000,24-10-2020,/home/chiarlo/siren-project/results/cameramen/24-10-2020/1603557121-338703/train,/home/chiarlo/siren-project/results/cameramen/24-10-2020/1603557121-338703/train/arch_no_3/trial_no_0/checkpoints/model_final.pth
34,1603557121-338703,55,11,42,True,cameramen,512,512,256.0,256.0,True,0.0001,100000,24-10-2020,/home/chiarlo/siren-project/results/cameramen/24-10-2020/1603557121-338703/train,/home/chiarlo/siren-project/results/cameramen/24-10-2020/1603557121-338703/train/arch_no_4/trial_no_0/checkpoints/model_final.pth
35,1603557121-338703,55,11,123,True,cameramen,512,512,256.0,256.0,True,0.0001,100000,24-10-2020,/home/chiarlo/siren-project/results/cameramen/24-10-2020/1603557121-338703/train,/home/chiarlo/siren-project/results/cameramen/24-10-2020/1603557121-338703/train/arch_no_5/trial_no_0/checkpoints/model_final.pth
36,1603557121-338703,55,12,0,True,cameramen,512,512,256.0,256.0,True,0.0001,100000,24-10-2020,/home/chiarlo/siren-project/results/cameramen/24-10-2020/1603557121-338703/train,/home/chiarlo/siren-project/results/cameramen/24-10-2020/1603557121-338703/train/arch_no_6/trial_no_0/checkpoints/model_final.pth
37,1603557121-338703,55,12,42,True,cameramen,512,512,256.0,256.0,True,0.0001,100000,24-10-2020,/home/chiarlo/siren-project/results/cameramen/24-10-2020/1603557121-338703/train,/home/chiarlo/siren-project/results/cameramen/24-10-2020/1603557121-338703/train/arch_no_7/trial_no_0/checkpoints/model_final.pth
38,1603557121-338703,55,12,123,True,cameramen,512,512,256.0,256.0,True,0.0001,100000,24-10-2020,/home/chiarlo/siren-project/results/cameramen/24-10-2020/1603557121-338703/train,/home/chiarlo/siren-project/results/cameramen/24-10-2020/1603557121-338703/train/arch_no_8/trial_no_0/checkpoints/model_final.pth
39,1603557121-338703,55,13,0,True,cameramen,512,512,256.0,256.0,True,0.0001,100000,24-10-2020,/home/chiarlo/siren-project/results/cameramen/24-10-2020/1603557121-338703/train,/home/chiarlo/siren-project/results/cameramen/24-10-2020/1603557121-338703/train/arch_no_9/trial_no_0/checkpoints/model_final.pth
40,1603557121-338703,55,13,42,True,cameramen,512,512,256.0,256.0,True,0.0001,100000,24-10-2020,/home/chiarlo/siren-project/results/cameramen/24-10-2020/1603557121-338703/train,/home/chiarlo/siren-project/results/cameramen/24-10-2020/1603557121-338703/train/arch_no_10/trial_no_0/checkpoints/model_final.pth
41,1603557121-338703,55,13,123,True,cameramen,512,512,256.0,256.0,True,0.0001,100000,24-10-2020,/home/chiarlo/siren-project/results/cameramen/24-10-2020/1603557121-338703/train,/home/chiarlo/siren-project/results/cameramen/24-10-2020/1603557121-338703/train/arch_no_11/trial_no_0/checkpoints/model_final.pth
42,1603583765-067812,55,3,0,True,cameramen,512,512,256.0,256.0,True,0.0001,100000,25-10-2020,/home/chiarlo/siren-project/results/cameramen/25-10-2020/1603583765-067812/train,/home/chiarlo/siren-project/results/cameramen/25-10-2020/1603583765-067812/train/arch_no_0/trial_no_0/checkpoints/model_final.pth
43,1603583765-067812,55,3,42,True,cameramen,512,512,256.0,256.0,True,0.0001,100000,25-10-2020,/home/chiarlo/siren-project/results/cameramen/25-10-2020/1603583765-067812/train,/home/chiarlo/siren-project/results/cameramen/25-10-2020/1603583765-067812/train/arch_no_1/trial_no_0/checkpoints/model_final.pth
44,1603583765-067812,55,3,123,True,cameramen,512,512,256.0,256.0,True,0.0001,100000,25-10-2020,/home/chiarlo/siren-project/results/cameramen/25-10-2020/1603583765-067812/train,/home/chiarlo/siren-project/results/cameramen/25-10-2020/1603583765-067812/train/arch_no_2/trial_no_0/checkpoints/model_final.pth
45,1603583765-067812,55,4,0,True,cameramen,512,512,256.0,256.0,True,0.0001,100000,25-10-2020,/home/chiarlo/siren-project/results/cameramen/25-10-2020/1603583765-067812/train,/home/chiarlo/siren-project/results/cameramen/25-10-2020/1603583765-067812/train/arch_no_3/trial_no_0/checkpoints/model_final.pth
46,1603583765-067812,55,4,42,True,cameramen,512,512,256.0,256.0,True,0.0001,100000,25-10-2020,/home/chiarlo/siren-project/results/cameramen/25-10-2020/1603583765-067812/train,/home/chiarlo/siren-project/results/cameramen/25-10-2020/1603583765-067812/train/arch_no_4/trial_no_0/checkpoints/model_final.pth
47,1603583765-067812,55,4,123,True,cameramen,512,512,256.0,256.0,True,0.0001,100000,25-10-2020,/home/chiarlo/siren-project/results/cameramen/25-10-2020/1603583765-067812/train,/home/chiarlo/siren-project/results/cameramen/25-10-2020/1603583765-067812/train/arch_no_5/trial_no_0/checkpoints/model_final.pth
48,1603583765-067812,55,5,0,True,cameramen,512,512,256.0,256.0,True,0.0001,100000,25-10-2020,/home/chiarlo/siren-project/results/cameramen/25-10-2020/1603583765-067812/train,/home/chiarlo/siren-project/results/cameramen/25-10-2020/1603583765-067812/train/arch_no_6/trial_no_0/checkpoints/model_final.pth
49,1603583765-067812,55,5,42,True,cameramen,512,512,256.0,256.0,True,0.0001,100000,25-10-2020,/home/chiarlo/siren-project/results/cameramen/25-10-2020/1603583765-067812/train,/home/chiarlo/siren-project/results/cameramen/25-10-2020/1603583765-067812/train/arch_no_7/trial_no_0/checkpoints/model_final.pth
50,1603583765-067812,55,5,123,True,cameramen,512,512,256.0,256.0,True,0.0001,100000,25-10-2020,/home/chiarlo/siren-project/results/cameramen/25-10-2020/1603583765-067812/train,/home/chiarlo/siren-project/results/cameramen/25-10-2020/1603583765-067812/train/arch_no_8/trial_no_0/checkpoints/model_final.pth
51,1603583765-067812,55,6,0,True,cameramen,512,512,256.0,256.0,True,0.0001,100000,25-10-2020,/home/chiarlo/siren-project/results/cameramen/25-10-2020/1603583765-067812/train,/home/chiarlo/siren-project/results/cameramen/25-10-2020/1603583765-067812/train/arch_no_9/trial_no_0/checkpoints/model_final.pth
52,1603583765-067812,55,6,42,True,cameramen,512,512,256.0,256.0,True,0.0001,100000,25-10-2020,/home/chiarlo/siren-project/results/cameramen/25-10-2020/1603583765-067812/train,/home/chiarlo/siren-project/results/cameramen/25-10-2020/1603583765-067812/train/arch_no_10/trial_no_0/checkpoints/model_final.pth
53,1603583765-067812,55,6,123,True,cameramen,512,512,256.0,256.0,True,0.0001,100000,25-10-2020,/home/chiarlo/siren-project/results/cameramen/25-10-2020/1603583765-067812/train,/home/chiarlo/siren-project/results/cameramen/25-10-2020/1603583765-067812/train/arch_no_11/trial_no_0/checkpoints/model_final.pth
54,1603583765-067812,55,7,0,True,cameramen,512,512,256.0,256.0,True,0.0001,100000,25-10-2020,/home/chiarlo/siren-project/results/cameramen/25-10-2020/1603583765-067812/train,/home/chiarlo/siren-project/results/cameramen/25-10-2020/1603583765-067812/train/arch_no_12/trial_no_0/checkpoints/model_final.pth
55,1603583765-067812,55,7,42,True,cameramen,512,512,256.0,256.0,True,0.0001,100000,25-10-2020,/home/chiarlo/siren-project/results/cameramen/25-10-2020/1603583765-067812/train,/home/chiarlo/siren-project/results/cameramen/25-10-2020/1603583765-067812/train/arch_no_13/trial_no_0/checkpoints/model_final.pth
56,1603583765-067812,55,7,123,True,cameramen,512,512,256.0,256.0,True,0.0001,100000,25-10-2020,/home/chiarlo/siren-project/results/cameramen/25-10-2020/1603583765-067812/train,/home/chiarlo/siren-project/results/cameramen/25-10-2020/1603583765-067812/train/arch_no_14/trial_no_0/checkpoints/model_final.pth
57,1603583765-067812,55,8,0,True,cameramen,512,512,256.0,256.0,True,0.0001,100000,25-10-2020,/home/chiarlo/siren-project/results/cameramen/25-10-2020/1603583765-067812/train,/home/chiarlo/siren-project/results/cameramen/25-10-2020/1603583765-067812/train/arch_no_15/trial_no_0/checkpoints/model_final.pth
58,1603583765-067812,55,8,42,True,cameramen,512,512,256.0,256.0,True,0.0001,100000,25-10-2020,/home/chiarlo/siren-project/results/cameramen/25-10-2020/1603583765-067812/train,/home/chiarlo/siren-project/results/cameramen/25-10-2020/1603583765-067812/train/arch_no_16/trial_no_0/checkpoints/model_final.pth
59,1603583765-067812,55,8,123,True,cameramen,512,512,256.0,256.0,True,0.0001,100000,25-10-2020,/home/chiarlo/siren-project/results/cameramen/25-10-2020/1603583765-067812/train,/home/chiarlo/siren-project/results/cameramen/25-10-2020/1603583765-067812/train/arch_no_17/trial_no_0/checkpoints/model_final.pth
60,1603583765-067812,55,9,0,True,cameramen,512,512,256.0,256.0,True,0.0001,100000,25-10-2020,/home/chiarlo/siren-project/results/cameramen/25-10-2020/1603583765-067812/train,/home/chiarlo/siren-project/results/cameramen/25-10-2020/1603583765-067812/train/arch_no_18/trial_no_0/checkpoints/model_final.pth
61,1603583765-067812,55,9,42,True,cameramen,512,512,256.0,256.0,True,0.0001,100000,25-10-2020,/home/chiarlo/siren-project/results/cameramen/25-10-2020/1603583765-067812/train,/home/chiarlo/siren-project/results/cameramen/25-10-2020/1603583765-067812/train/arch_no_19/trial_no_0/checkpoints/model_final.pth
62,1603583765-067812,55,9,123,True,cameramen,512,512,256.0,256.0,True,0.0001,100000,25-10-2020,/home/chiarlo/siren-project/results/cameramen/25-10-2020/1603583765-067812/train,/home/chiarlo/siren-project/results/cameramen/25-10-2020/1603583765-067812/train/arch_no_20/trial_no_0/checkpoints/model_final.pth
63,1603672968-148557,85,3,0,True,cameramen,512,512,256.0,256.0,True,0.0001,100000,26-10-2020,/home/chiarlo/siren-project/results/cameramen/26-10-2020/1603672968-148557/train,/home/chiarlo/siren-project/results/cameramen/26-10-2020/1603672968-148557/train/arch_no_0/trial_no_0/checkpoints/model_final.pth
64,1603672968-148557,85,3,42,True,cameramen,512,512,256.0,256.0,True,0.0001,100000,26-10-2020,/home/chiarlo/siren-project/results/cameramen/26-10-2020/1603672968-148557/train,/home/chiarlo/siren-project/results/cameramen/26-10-2020/1603672968-148557/train/arch_no_1/trial_no_0/checkpoints/model_final.pth
65,1603672968-148557,85,3,123,True,cameramen,512,512,256.0,256.0,True,0.0001,100000,26-10-2020,/home/chiarlo/siren-project/results/cameramen/26-10-2020/1603672968-148557/train,/home/chiarlo/siren-project/results/cameramen/26-10-2020/1603672968-148557/train/arch_no_2/trial_no_0/checkpoints/model_final.pth
66,1603672968-148557,85,4,0,True,cameramen,512,512,256.0,256.0,True,0.0001,100000,26-10-2020,/home/chiarlo/siren-project/results/cameramen/26-10-2020/1603672968-148557/train,/home/chiarlo/siren-project/results/cameramen/26-10-2020/1603672968-148557/train/arch_no_3/trial_no_0/checkpoints/model_final.pth
67,1603672968-148557,85,4,42,True,cameramen,512,512,256.0,256.0,True,0.0001,100000,26-10-2020,/home/chiarlo/siren-project/results/cameramen/26-10-2020/1603672968-148557/train,/home/chiarlo/siren-project/results/cameramen/26-10-2020/1603672968-148557/train/arch_no_4/trial_no_0/checkpoints/model_final.pth
68,1603672968-148557,85,4,123,True,cameramen,512,512,256.0,256.0,True,0.0001,100000,26-10-2020,/home/chiarlo/siren-project/results/cameramen/26-10-2020/1603672968-148557/train,/home/chiarlo/siren-project/results/cameramen/26-10-2020/1603672968-148557/train/arch_no_5/trial_no_0/checkpoints/model_final.pth
69,1603672968-148557,85,5,0,True,cameramen,512,512,256.0,256.0,True,0.0001,100000,26-10-2020,/home/chiarlo/siren-project/results/cameramen/26-10-2020/1603672968-148557/train,/home/chiarlo/siren-project/results/cameramen/26-10-2020/1603672968-148557/train/arch_no_6/trial_no_0/checkpoints/model_final.pth
70,1603672968-148557,85,5,42,True,cameramen,512,512,256.0,256.0,True,0.0001,100000,26-10-2020,/home/chiarlo/siren-project/results/cameramen/26-10-2020/1603672968-148557/train,/home/chiarlo/siren-project/results/cameramen/26-10-2020/1603672968-148557/train/arch_no_7/trial_no_0/checkpoints/model_final.pth
71,1603672968-148557,85,5,123,True,cameramen,512,512,256.0,256.0,True,0.0001,100000,26-10-2020,/home/chiarlo/siren-project/results/cameramen/26-10-2020/1603672968-148557/train,/home/chiarlo/siren-project/results/cameramen/26-10-2020/1603672968-148557/train/arch_no_8/trial_no_0/checkpoints/model_final.pth
72,1603672968-148557,85,6,0,True,cameramen,512,512,256.0,256.0,True,0.0001,100000,26-10-2020,/home/chiarlo/siren-project/results/cameramen/26-10-2020/1603672968-148557/train,/home/chiarlo/siren-project/results/cameramen/26-10-2020/1603672968-148557/train/arch_no_9/trial_no_0/checkpoints/model_final.pth
73,1603672968-148557,85,6,42,True,cameramen,512,512,256.0,256.0,True,0.0001,100000,26-10-2020,/home/chiarlo/siren-project/results/cameramen/26-10-2020/1603672968-148557/train,/home/chiarlo/siren-project/results/cameramen/26-10-2020/1603672968-148557/train/arch_no_10/trial_no_0/checkpoints/model_final.pth
74,1603672968-148557,85,6,123,True,cameramen,512,512,256.0,256.0,True,0.0001,100000,26-10-2020,/home/chiarlo/siren-project/results/cameramen/26-10-2020/1603672968-148557/train,/home/chiarlo/siren-project/results/cameramen/26-10-2020/1603672968-148557/train/arch_no_11/trial_no_0/checkpoints/model_final.pth
75,1603672968-148557,85,7,0,True,cameramen,512,512,256.0,256.0,True,0.0001,100000,26-10-2020,/home/chiarlo/siren-project/results/cameramen/26-10-2020/1603672968-148557/train,/home/chiarlo/siren-project/results/cameramen/26-10-2020/1603672968-148557/train/arch_no_12/trial_no_0/checkpoints/model_final.pth
76,1603672968-148557,85,7,42,True,cameramen,512,512,256.0,256.0,True,0.0001,100000,26-10-2020,/home/chiarlo/siren-project/results/cameramen/26-10-2020/1603672968-148557/train,/home/chiarlo/siren-project/results/cameramen/26-10-2020/1603672968-148557/train/arch_no_13/trial_no_0/checkpoints/model_final.pth
77,1603672968-148557,85,7,123,True,cameramen,512,512,256.0,256.0,True,0.0001,100000,26-10-2020,/home/chiarlo/siren-project/results/cameramen/26-10-2020/1603672968-148557/train,/home/chiarlo/siren-project/results/cameramen/26-10-2020/1603672968-148557/train/arch_no_14/trial_no_0/checkpoints/model_final.pth
78,1603672968-148557,85,8,0,True,cameramen,512,512,256.0,256.0,True,0.0001,100000,26-10-2020,/home/chiarlo/siren-project/results/cameramen/26-10-2020/1603672968-148557/train,/home/chiarlo/siren-project/results/cameramen/26-10-2020/1603672968-148557/train/arch_no_15/trial_no_0/checkpoints/model_final.pth
79,1603672968-148557,85,8,42,True,cameramen,512,512,256.0,256.0,True,0.0001,100000,26-10-2020,/home/chiarlo/siren-project/results/cameramen/26-10-2020/1603672968-148557/train,/home/chiarlo/siren-project/results/cameramen/26-10-2020/1603672968-148557/train/arch_no_16/trial_no_0/checkpoints/model_final.pth
80,1603672968-148557,85,8,123,True,cameramen,512,512,256.0,256.0,True,0.0001,100000,26-10-2020,/home/chiarlo/siren-project/results/cameramen/26-10-2020/1603672968-148557/train,/home/chiarlo/siren-project/results/cameramen/26-10-2020/1603672968-148557/train/arch_no_17/trial_no_0/checkpoints/model_final.pth
81,1603672968-148557,85,9,0,True,cameramen,512,512,256.0,256.0,True,0.0001,100000,26-10-2020,/home/chiarlo/siren-project/results/cameramen/26-10-2020/1603672968-148557/train,/home/chiarlo/siren-project/results/cameramen/26-10-2020/1603672968-148557/train/arch_no_18/trial_no_0/checkpoints/model_final.pth
82,1603672968-148557,85,9,42,True,cameramen,512,512,256.0,256.0,True,0.0001,100000,26-10-2020,/home/chiarlo/siren-project/results/cameramen/26-10-2020/1603672968-148557/train,/home/chiarlo/siren-project/results/cameramen/26-10-2020/1603672968-148557/train/arch_no_19/trial_no_0/checkpoints/model_final.pth
83,1603672968-148557,85,9,123,True,cameramen,512,512,256.0,256.0,True,0.0001,100000,26-10-2020,/home/chiarlo/siren-project/results/cameramen/26-10-2020/1603672968-148557/train,/home/chiarlo/siren-project/results/cameramen/26-10-2020/1603672968-148557/train/arch_no_20/trial_no_0/checkpoints/model_final.pth
84,1603731938-952001,85,10,0,True,cameramen,512,512,256.0,256.0,True,0.0001,100000,26-10-2020,/home/chiarlo/siren-project/results/cameramen/26-10-2020/1603731938-952001/train,/home/chiarlo/siren-project/results/cameramen/26-10-2020/1603731938-952001/train/arch_no_0/trial_no_0/checkpoints/model_final.pth
85,1603731938-952001,85,10,42,True,cameramen,512,512,256.0,256.0,True,0.0001,100000,26-10-2020,/home/chiarlo/siren-project/results/cameramen/26-10-2020/1603731938-952001/train,/home/chiarlo/siren-project/results/cameramen/26-10-2020/1603731938-952001/train/arch_no_1/trial_no_0/checkpoints/model_final.pth
86,1603731938-952001,85,10,123,True,cameramen,512,512,256.0,256.0,True,0.0001,100000,26-10-2020,/home/chiarlo/siren-project/results/cameramen/26-10-2020/1603731938-952001/train,/home/chiarlo/siren-project/results/cameramen/26-10-2020/1603731938-952001/train/arch_no_2/trial_no_0/checkpoints/model_final.pth
87,1603731938-952001,85,11,0,True,cameramen,512,512,256.0,256.0,True,0.0001,100000,26-10-2020,/home/chiarlo/siren-project/results/cameramen/26-10-2020/1603731938-952001/train,/home/chiarlo/siren-project/results/cameramen/26-10-2020/1603731938-952001/train/arch_no_3/trial_no_0/checkpoints/model_final.pth
88,1603731938-952001,85,11,42,True,cameramen,512,512,256.0,256.0,True,0.0001,100000,26-10-2020,/home/chiarlo/siren-project/results/cameramen/26-10-2020/1603731938-952001/train,/home/chiarlo/siren-project/results/cameramen/26-10-2020/1603731938-952001/train/arch_no_4/trial_no_0/checkpoints/model_final.pth
89,1603731938-952001,85,11,123,True,cameramen,512,512,256.0,256.0,True,0.0001,100000,26-10-2020,/home/chiarlo/siren-project/results/cameramen/26-10-2020/1603731938-952001/train,/home/chiarlo/siren-project/results/cameramen/26-10-2020/1603731938-952001/train/arch_no_5/trial_no_0/checkpoints/model_final.pth
90,1603731938-952001,85,12,0,True,cameramen,512,512,256.0,256.0,True,0.0001,100000,26-10-2020,/home/chiarlo/siren-project/results/cameramen/26-10-2020/1603731938-952001/train,/home/chiarlo/siren-project/results/cameramen/26-10-2020/1603731938-952001/train/arch_no_6/trial_no_0/checkpoints/model_final.pth
91,1603731938-952001,85,12,42,True,cameramen,512,512,256.0,256.0,True,0.0001,100000,26-10-2020,/home/chiarlo/siren-project/results/cameramen/26-10-2020/1603731938-952001/train,/home/chiarlo/siren-project/results/cameramen/26-10-2020/1603731938-952001/train/arch_no_7/trial_no_0/checkpoints/model_final.pth
92,1603731938-952001,85,12,123,True,cameramen,512,512,256.0,256.0,True,0.0001,100000,26-10-2020,/home/chiarlo/siren-project/results/cameramen/26-10-2020/1603731938-952001/train,/home/chiarlo/siren-project/results/cameramen/26-10-2020/1603731938-952001/train/arch_no_8/trial_no_0/checkpoints/model_final.pth
93,1603731938-952001,85,13,0,True,cameramen,512,512,256.0,256.0,True,0.0001,100000,26-10-2020,/home/chiarlo/siren-project/results/cameramen/26-10-2020/1603731938-952001/train,/home/chiarlo/siren-project/results/cameramen/26-10-2020/1603731938-952001/train/arch_no_9/trial_no_0/checkpoints/model_final.pth
94,1603731938-952001,85,13,42,True,cameramen,512,512,256.0,256.0,True,0.0001,100000,26-10-2020,/home/chiarlo/siren-project/results/cameramen/26-10-2020/1603731938-952001/train,/home/chiarlo/siren-project/results/cameramen/26-10-2020/1603731938-952001/train/arch_no_10/trial_no_0/checkpoints/model_final.pth
95,1603731938-952001,85,13,123,True,cameramen,512,512,256.0,256.0,True,0.0001,100000,26-10-2020,/home/chiarlo/siren-project/results/cameramen/26-10-2020/1603731938-952001/train,/home/chiarlo/siren-project/results/cameramen/26-10-2020/1603731938-952001/train/arch_no_11/trial_no_0/checkpoints/model_final.pth
96,1603774067-025589,64,3,0,True,cameramen,512,512,256.0,256.0,True,0.0001,100000,27-10-2020,/home/chiarlo/siren-project/results/cameramen/27-10-2020/1603774067-025589/train,/home/chiarlo/siren-project/results/cameramen/27-10-2020/1603774067-025589/train/arch_no_0/trial_no_0/checkpoints/model_final.pth
97,1603774067-025589,64,3,42,True,cameramen,512,512,256.0,256.0,True,0.0001,100000,27-10-2020,/home/chiarlo/siren-project/results/cameramen/27-10-2020/1603774067-025589/train,/home/chiarlo/siren-project/results/cameramen/27-10-2020/1603774067-025589/train/arch_no_1/trial_no_0/checkpoints/model_final.pth
98,1603774067-025589,64,3,123,True,cameramen,512,512,256.0,256.0,True,0.0001,100000,27-10-2020,/home/chiarlo/siren-project/results/cameramen/27-10-2020/1603774067-025589/train,/home/chiarlo/siren-project/results/cameramen/27-10-2020/1603774067-025589/train/arch_no_2/trial_no_0/checkpoints/model_final.pth
99,1603774067-025589,64,4,0,True,cameramen,512,512,256.0,256.0,True,0.0001,100000,27-10-2020,/home/chiarlo/siren-project/results/cameramen/27-10-2020/1603774067-025589/train,/home/chiarlo/siren-project/results/cameramen/27-10-2020/1603774067-025589/train/arch_no_3/trial_no_0/checkpoints/model_final.pth
100,1603774067-025589,64,4,42,True,cameramen,512,512,256.0,256.0,True,0.0001,100000,27-10-2020,/home/chiarlo/siren-project/results/cameramen/27-10-2020/1603774067-025589/train,/home/chiarlo/siren-project/results/cameramen/27-10-2020/1603774067-025589/train/arch_no_4/trial_no_0/checkpoints/model_final.pth
101,1603774067-025589,64,4,123,True,cameramen,512,512,256.0,256.0,True,0.0001,100000,27-10-2020,/home/chiarlo/siren-project/results/cameramen/27-10-2020/1603774067-025589/train,/home/chiarlo/siren-project/results/cameramen/27-10-2020/1603774067-025589/train/arch_no_5/trial_no_0/checkpoints/model_final.pth
102,1603774067-025589,64,5,0,True,cameramen,512,512,256.0,256.0,True,0.0001,100000,27-10-2020,/home/chiarlo/siren-project/results/cameramen/27-10-2020/1603774067-025589/train,/home/chiarlo/siren-project/results/cameramen/27-10-2020/1603774067-025589/train/arch_no_6/trial_no_0/checkpoints/model_final.pth
103,1603774067-025589,64,5,42,True,cameramen,512,512,256.0,256.0,True,0.0001,100000,27-10-2020,/home/chiarlo/siren-project/results/cameramen/27-10-2020/1603774067-025589/train,/home/chiarlo/siren-project/results/cameramen/27-10-2020/1603774067-025589/train/arch_no_7/trial_no_0/checkpoints/model_final.pth
104,1603774067-025589,64,5,123,True,cameramen,512,512,256.0,256.0,True,0.0001,100000,27-10-2020,/home/chiarlo/siren-project/results/cameramen/27-10-2020/1603774067-025589/train,/home/chiarlo/siren-project/results/cameramen/27-10-2020/1603774067-025589/train/arch_no_8/trial_no_0/checkpoints/model_final.pth
105,1603774067-025589,64,6,0,True,cameramen,512,512,256.0,256.0,True,0.0001,100000,27-10-2020,/home/chiarlo/siren-project/results/cameramen/27-10-2020/1603774067-025589/train,/home/chiarlo/siren-project/results/cameramen/27-10-2020/1603774067-025589/train/arch_no_9/trial_no_0/checkpoints/model_final.pth
106,1603774067-025589,64,6,42,True,cameramen,512,512,256.0,256.0,True,0.0001,100000,27-10-2020,/home/chiarlo/siren-project/results/cameramen/27-10-2020/1603774067-025589/train,/home/chiarlo/siren-project/results/cameramen/27-10-2020/1603774067-025589/train/arch_no_10/trial_no_0/checkpoints/model_final.pth
107,1603774067-025589,64,6,123,True,cameramen,512,512,256.0,256.0,True,0.0001,100000,27-10-2020,/home/chiarlo/siren-project/results/cameramen/27-10-2020/1603774067-025589/train,/home/chiarlo/siren-project/results/cameramen/27-10-2020/1603774067-025589/train/arch_no_11/trial_no_0/checkpoints/model_final.pth
108,1603774067-025589,64,7,0,True,cameramen,512,512,256.0,256.0,True,0.0001,100000,27-10-2020,/home/chiarlo/siren-project/results/cameramen/27-10-2020/1603774067-025589/train,/home/chiarlo/siren-project/results/cameramen/27-10-2020/1603774067-025589/train/arch_no_12/trial_no_0/checkpoints/model_final.pth
109,1603774067-025589,64,7,42,True,cameramen,512,512,256.0,256.0,True,0.0001,100000,27-10-2020,/home/chiarlo/siren-project/results/cameramen/27-10-2020/1603774067-025589/train,/home/chiarlo/siren-project/results/cameramen/27-10-2020/1603774067-025589/train/arch_no_13/trial_no_0/checkpoints/model_final.pth
110,1603774067-025589,64,7,123,True,cameramen,512,512,256.0,256.0,True,0.0001,100000,27-10-2020,/home/chiarlo/siren-project/results/cameramen/27-10-2020/1603774067-025589/train,/home/chiarlo/siren-project/results/cameramen/27-10-2020/1603774067-025589/train/arch_no_14/trial_no_0/checkpoints/model_final.pth
111,1603774067-025589,64,8,0,True,cameramen,512,512,256.0,256.0,True,0.0001,100000,27-10-2020,/home/chiarlo/siren-project/results/cameramen/27-10-2020/1603774067-025589/train,/home/chiarlo/siren-project/results/cameramen/27-10-2020/1603774067-025589/train/arch_no_15/trial_no_0/checkpoints/model_final.pth
112,1603774067-025589,64,8,42,True,cameramen,512,512,256.0,256.0,True,0.0001,100000,27-10-2020,/home/chiarlo/siren-project/results/cameramen/27-10-2020/1603774067-025589/train,/home/chiarlo/siren-project/results/cameramen/27-10-2020/1603774067-025589/train/arch_no_16/trial_no_0/checkpoints/model_final.pth
113,1603774067-025589,64,8,123,True,cameramen,512,512,256.0,256.0,True,0.0001,100000,27-10-2020,/home/chiarlo/siren-project/results/cameramen/27-10-2020/1603774067-025589/train,/home/chiarlo/siren-project/results/cameramen/27-10-2020/1603774067-025589/train/arch_no_17/trial_no_0/checkpoints/model_final.pth
114,1603774067-025589,64,9,0,True,cameramen,512,512,256.0,256.0,True,0.0001,100000,27-10-2020,/home/chiarlo/siren-project/results/cameramen/27-10-2020/1603774067-025589/train,/home/chiarlo/siren-project/results/cameramen/27-10-2020/1603774067-025589/train/arch_no_18/trial_no_0/checkpoints/model_final.pth
115,1603774067-025589,64,9,42,True,cameramen,512,512,256.0,256.0,True,0.0001,100000,27-10-2020,/home/chiarlo/siren-project/results/cameramen/27-10-2020/1603774067-025589/train,/home/chiarlo/siren-project/results/cameramen/27-10-2020/1603774067-025589/train/arch_no_19/trial_no_0/checkpoints/model_final.pth
116,1603774067-025589,64,9,123,True,cameramen,512,512,256.0,256.0,True,0.0001,100000,27-10-2020,/home/chiarlo/siren-project/results/cameramen/27-10-2020/1603774067-025589/train,/home/chiarlo/siren-project/results/cameramen/27-10-2020/1603774067-025589/train/arch_no_20/trial_no_0/checkpoints/model_final.pth
117,1603816949-617728,64,10,0,True,cameramen,512,512,256.0,256.0,True,0.0001,100000,27-10-2020,/home/chiarlo/siren-project/results/cameramen/27-10-2020/1603816949-617728/train,/home/chiarlo/siren-project/results/cameramen/27-10-2020/1603816949-617728/train/arch_no_0/trial_no_0/checkpoints/model_final.pth
118,1603816949-617728,64,10,42,True,cameramen,512,512,256.0,256.0,True,0.0001,100000,27-10-2020,/home/chiarlo/siren-project/results/cameramen/27-10-2020/1603816949-617728/train,/home/chiarlo/siren-project/results/cameramen/27-10-2020/1603816949-617728/train/arch_no_1/trial_no_0/checkpoints/model_final.pth
119,1603816949-617728,64,10,123,True,cameramen,512,512,256.0,256.0,True,0.0001,100000,27-10-2020,/home/chiarlo/siren-project/results/cameramen/27-10-2020/1603816949-617728/train,/home/chiarlo/siren-project/results/cameramen/27-10-2020/1603816949-617728/train/arch_no_2/trial_no_0/checkpoints/model_final.pth
120,1603816949-617728,64,11,0,True,cameramen,512,512,256.0,256.0,True,0.0001,100000,27-10-2020,/home/chiarlo/siren-project/results/cameramen/27-10-2020/1603816949-617728/train,/home/chiarlo/siren-project/results/cameramen/27-10-2020/1603816949-617728/train/arch_no_3/trial_no_0/checkpoints/model_final.pth
121,1603816949-617728,64,11,42,True,cameramen,512,512,256.0,256.0,True,0.0001,100000,27-10-2020,/home/chiarlo/siren-project/results/cameramen/27-10-2020/1603816949-617728/train,/home/chiarlo/siren-project/results/cameramen/27-10-2020/1603816949-617728/train/arch_no_4/trial_no_0/checkpoints/model_final.pth
122,1603816949-617728,64,11,123,True,cameramen,512,512,256.0,256.0,True,0.0001,100000,27-10-2020,/home/chiarlo/siren-project/results/cameramen/27-10-2020/1603816949-617728/train,/home/chiarlo/siren-project/results/cameramen/27-10-2020/1603816949-617728/train/arch_no_5/trial_no_0/checkpoints/model_final.pth
123,1603816949-617728,64,12,0,True,cameramen,512,512,256.0,256.0,True,0.0001,100000,27-10-2020,/home/chiarlo/siren-project/results/cameramen/27-10-2020/1603816949-617728/train,/home/chiarlo/siren-project/results/cameramen/27-10-2020/1603816949-617728/train/arch_no_6/trial_no_0/checkpoints/model_final.pth
124,1603816949-617728,64,12,42,True,cameramen,512,512,256.0,256.0,True,0.0001,100000,27-10-2020,/home/chiarlo/siren-project/results/cameramen/27-10-2020/1603816949-617728/train,/home/chiarlo/siren-project/results/cameramen/27-10-2020/1603816949-617728/train/arch_no_7/trial_no_0/checkpoints/model_final.pth
125,1603816949-617728,64,12,123,True,cameramen,512,512,256.0,256.0,True,0.0001,100000,27-10-2020,/home/chiarlo/siren-project/results/cameramen/27-10-2020/1603816949-617728/train,/home/chiarlo/siren-project/results/cameramen/27-10-2020/1603816949-617728/train/arch_no_8/trial_no_0/checkpoints/model_final.pth
126,1603816949-617728,64,13,0,True,cameramen,512,512,256.0,256.0,True,0.0001,100000,27-10-2020,/home/chiarlo/siren-project/results/cameramen/27-10-2020/1603816949-617728/train,/home/chiarlo/siren-project/results/cameramen/27-10-2020/1603816949-617728/train/arch_no_9/trial_no_0/checkpoints/model_final.pth
127,1603816949-617728,64,13,42,True,cameramen,512,512,256.0,256.0,True,0.0001,100000,27-10-2020,/home/chiarlo/siren-project/results/cameramen/27-10-2020/1603816949-617728/train,/home/chiarlo/siren-project/results/cameramen/27-10-2020/1603816949-617728/train/arch_no_10/trial_no_0/checkpoints/model_final.pth
128,1603816949-617728,64,13,123,True,cameramen,512,512,256.0,256.0,True,0.0001,100000,27-10-2020,/home/chiarlo/siren-project/results/cameramen/27-10-2020/1603816949-617728/train,/home/chiarlo/siren-project/results/cameramen/27-10-2020/1603816949-617728/train/arch_no_11/trial_no_0/checkpoints/model_final.pth
129,1603843559-156915,45,10,0,True,cameramen,512,512,256.0,256.0,True,0.0001,100000,28-10-2020,/home/chiarlo/siren-project/results/cameramen/28-10-2020/1603843559-156915/train,/home/chiarlo/siren-project/results/cameramen/28-10-2020/1603843559-156915/train/arch_no_0/trial_no_0/checkpoints/model_final.pth
130,1603843559-156915,45,10,42,True,cameramen,512,512,256.0,256.0,True,0.0001,100000,28-10-2020,/home/chiarlo/siren-project/results/cameramen/28-10-2020/1603843559-156915/train,/home/chiarlo/siren-project/results/cameramen/28-10-2020/1603843559-156915/train/arch_no_1/trial_no_0/checkpoints/model_final.pth
131,1603843559-156915,45,10,123,True,cameramen,512,512,256.0,256.0,True,0.0001,100000,28-10-2020,/home/chiarlo/siren-project/results/cameramen/28-10-2020/1603843559-156915/train,/home/chiarlo/siren-project/results/cameramen/28-10-2020/1603843559-156915/train/arch_no_2/trial_no_0/checkpoints/model_final.pth
132,1603843559-156915,45,11,0,True,cameramen,512,512,256.0,256.0,True,0.0001,100000,28-10-2020,/home/chiarlo/siren-project/results/cameramen/28-10-2020/1603843559-156915/train,/home/chiarlo/siren-project/results/cameramen/28-10-2020/1603843559-156915/train/arch_no_3/trial_no_0/checkpoints/model_final.pth
133,1603843559-156915,45,11,42,True,cameramen,512,512,256.0,256.0,True,0.0001,100000,28-10-2020,/home/chiarlo/siren-project/results/cameramen/28-10-2020/1603843559-156915/train,/home/chiarlo/siren-project/results/cameramen/28-10-2020/1603843559-156915/train/arch_no_4/trial_no_0/checkpoints/model_final.pth
134,1603843559-156915,45,11,123,True,cameramen,512,512,256.0,256.0,True,0.0001,100000,28-10-2020,/home/chiarlo/siren-project/results/cameramen/28-10-2020/1603843559-156915/train,/home/chiarlo/siren-project/results/cameramen/28-10-2020/1603843559-156915/train/arch_no_5/trial_no_0/checkpoints/model_final.pth
135,1603843559-156915,45,12,0,True,cameramen,512,512,256.0,256.0,True,0.0001,100000,28-10-2020,/home/chiarlo/siren-project/results/cameramen/28-10-2020/1603843559-156915/train,/home/chiarlo/siren-project/results/cameramen/28-10-2020/1603843559-156915/train/arch_no_6/trial_no_0/checkpoints/model_final.pth
136,1603843559-156915,45,12,42,True,cameramen,512,512,256.0,256.0,True,0.0001,100000,28-10-2020,/home/chiarlo/siren-project/results/cameramen/28-10-2020/1603843559-156915/train,/home/chiarlo/siren-project/results/cameramen/28-10-2020/1603843559-156915/train/arch_no_7/trial_no_0/checkpoints/model_final.pth
137,1603843559-156915,45,12,123,True,cameramen,512,512,256.0,256.0,True,0.0001,100000,28-10-2020,/home/chiarlo/siren-project/results/cameramen/28-10-2020/1603843559-156915/train,/home/chiarlo/siren-project/results/cameramen/28-10-2020/1603843559-156915/train/arch_no_8/trial_no_0/checkpoints/model_final.pth
138,1603843559-156915,45,13,0,True,cameramen,512,512,256.0,256.0,True,0.0001,100000,28-10-2020,/home/chiarlo/siren-project/results/cameramen/28-10-2020/1603843559-156915/train,/home/chiarlo/siren-project/results/cameramen/28-10-2020/1603843559-156915/train/arch_no_9/trial_no_0/checkpoints/model_final.pth
139,1603843559-156915,45,13,42,True,cameramen,512,512,256.0,256.0,True,0.0001,100000,28-10-2020,/home/chiarlo/siren-project/results/cameramen/28-10-2020/1603843559-156915/train,/home/chiarlo/siren-project/results/cameramen/28-10-2020/1603843559-156915/train/arch_no_10/trial_no_0/checkpoints/model_final.pth
140,1603843559-156915,45,13,123,True,cameramen,512,512,256.0,256.0,True,0.0001,100000,28-10-2020,/home/chiarlo/siren-project/results/cameramen/28-10-2020/1603843559-156915/train,/home/chiarlo/siren-project/results/cameramen/28-10-2020/1603843559-156915/train/arch_no_11/trial_no_0/checkpoints/model_final.pth
141,1603905451-45262,90,3,0,True,cameramen,512,512,256.0,256.0,True,0.0001,100000,28-10-2020,/home/chiarlo/siren-project/results/cameramen/28-10-2020/1603905451-45262/train,/home/chiarlo/siren-project/results/cameramen/28-10-2020/1603905451-45262/train/arch_no_0/trial_no_0/checkpoints/model_final.pth
142,1603905451-45262,90,3,42,True,cameramen,512,512,256.0,256.0,True,0.0001,100000,28-10-2020,/home/chiarlo/siren-project/results/cameramen/28-10-2020/1603905451-45262/train,/home/chiarlo/siren-project/results/cameramen/28-10-2020/1603905451-45262/train/arch_no_1/trial_no_0/checkpoints/model_final.pth
143,1603905451-45262,90,3,123,True,cameramen,512,512,256.0,256.0,True,0.0001,100000,28-10-2020,/home/chiarlo/siren-project/results/cameramen/28-10-2020/1603905451-45262/train,/home/chiarlo/siren-project/results/cameramen/28-10-2020/1603905451-45262/train/arch_no_2/trial_no_0/checkpoints/model_final.pth
144,1603905451-45262,90,4,0,True,cameramen,512,512,256.0,256.0,True,0.0001,100000,28-10-2020,/home/chiarlo/siren-project/results/cameramen/28-10-2020/1603905451-45262/train,/home/chiarlo/siren-project/results/cameramen/28-10-2020/1603905451-45262/train/arch_no_3/trial_no_0/checkpoints/model_final.pth
145,1603905451-45262,90,4,42,True,cameramen,512,512,256.0,256.0,True,0.0001,100000,28-10-2020,/home/chiarlo/siren-project/results/cameramen/28-10-2020/1603905451-45262/train,/home/chiarlo/siren-project/results/cameramen/28-10-2020/1603905451-45262/train/arch_no_4/trial_no_0/checkpoints/model_final.pth
146,1603905451-45262,90,4,123,True,cameramen,512,512,256.0,256.0,True,0.0001,100000,28-10-2020,/home/chiarlo/siren-project/results/cameramen/28-10-2020/1603905451-45262/train,/home/chiarlo/siren-project/results/cameramen/28-10-2020/1603905451-45262/train/arch_no_5/trial_no_0/checkpoints/model_final.pth
147,1603905451-45262,90,5,0,True,cameramen,512,512,256.0,256.0,True,0.0001,100000,28-10-2020,/home/chiarlo/siren-project/results/cameramen/28-10-2020/1603905451-45262/train,/home/chiarlo/siren-project/results/cameramen/28-10-2020/1603905451-45262/train/arch_no_6/trial_no_0/checkpoints/model_final.pth
148,1603905451-45262,90,5,42,True,cameramen,512,512,256.0,256.0,True,0.0001,100000,28-10-2020,/home/chiarlo/siren-project/results/cameramen/28-10-2020/1603905451-45262/train,/home/chiarlo/siren-project/results/cameramen/28-10-2020/1603905451-45262/train/arch_no_7/trial_no_0/checkpoints/model_final.pth
149,1603905451-45262,90,5,123,True,cameramen,512,512,256.0,256.0,True,0.0001,100000,28-10-2020,/home/chiarlo/siren-project/results/cameramen/28-10-2020/1603905451-45262/train,/home/chiarlo/siren-project/results/cameramen/28-10-2020/1603905451-45262/train/arch_no_8/trial_no_0/checkpoints/model_final.pth
150,1603905451-45262,90,6,0,True,cameramen,512,512,256.0,256.0,True,0.0001,100000,28-10-2020,/home/chiarlo/siren-project/results/cameramen/28-10-2020/1603905451-45262/train,/home/chiarlo/siren-project/results/cameramen/28-10-2020/1603905451-45262/train/arch_no_9/trial_no_0/checkpoints/model_final.pth
151,1603905451-45262,90,6,42,True,cameramen,512,512,256.0,256.0,True,0.0001,100000,28-10-2020,/home/chiarlo/siren-project/results/cameramen/28-10-2020/1603905451-45262/train,/home/chiarlo/siren-project/results/cameramen/28-10-2020/1603905451-45262/train/arch_no_10/trial_no_0/checkpoints/model_final.pth
152,1603905451-45262,90,6,123,True,cameramen,512,512,256.0,256.0,True,0.0001,100000,28-10-2020,/home/chiarlo/siren-project/results/cameramen/28-10-2020/1603905451-45262/train,/home/chiarlo/siren-project/results/cameramen/28-10-2020/1603905451-45262/train/arch_no_11/trial_no_0/checkpoints/model_final.pth
153,1603905451-45262,90,7,0,True,cameramen,512,512,256.0,256.0,True,0.0001,100000,28-10-2020,/home/chiarlo/siren-project/results/cameramen/28-10-2020/1603905451-45262/train,/home/chiarlo/siren-project/results/cameramen/28-10-2020/1603905451-45262/train/arch_no_12/trial_no_0/checkpoints/model_final.pth
154,1603905451-45262,90,7,42,True,cameramen,512,512,256.0,256.0,True,0.0001,100000,28-10-2020,/home/chiarlo/siren-project/results/cameramen/28-10-2020/1603905451-45262/train,/home/chiarlo/siren-project/results/cameramen/28-10-2020/1603905451-45262/train/arch_no_13/trial_no_0/checkpoints/model_final.pth
155,1603905451-45262,90,7,123,True,cameramen,512,512,256.0,256.0,True,0.0001,100000,28-10-2020,/home/chiarlo/siren-project/results/cameramen/28-10-2020/1603905451-45262/train,/home/chiarlo/siren-project/results/cameramen/28-10-2020/1603905451-45262/train/arch_no_14/trial_no_0/checkpoints/model_final.pth
156,1603905451-45262,90,8,0,True,cameramen,512,512,256.0,256.0,True,0.0001,100000,28-10-2020,/home/chiarlo/siren-project/results/cameramen/28-10-2020/1603905451-45262/train,/home/chiarlo/siren-project/results/cameramen/28-10-2020/1603905451-45262/train/arch_no_15/trial_no_0/checkpoints/model_final.pth
157,1603905451-45262,90,8,42,True,cameramen,512,512,256.0,256.0,True,0.0001,100000,28-10-2020,/home/chiarlo/siren-project/results/cameramen/28-10-2020/1603905451-45262/train,/home/chiarlo/siren-project/results/cameramen/28-10-2020/1603905451-45262/train/arch_no_16/trial_no_0/checkpoints/model_final.pth
158,1603905451-45262,90,8,123,True,cameramen,512,512,256.0,256.0,True,0.0001,100000,28-10-2020,/home/chiarlo/siren-project/results/cameramen/28-10-2020/1603905451-45262/train,/home/chiarlo/siren-project/results/cameramen/28-10-2020/1603905451-45262/train/arch_no_17/trial_no_0/checkpoints/model_final.pth
159,1603905451-45262,90,9,0,True,cameramen,512,512,256.0,256.0,True,0.0001,100000,28-10-2020,/home/chiarlo/siren-project/results/cameramen/28-10-2020/1603905451-45262/train,/home/chiarlo/siren-project/results/cameramen/28-10-2020/1603905451-45262/train/arch_no_18/trial_no_0/checkpoints/model_final.pth
160,1603905451-45262,90,9,42,True,cameramen,512,512,256.0,256.0,True,0.0001,100000,28-10-2020,/home/chiarlo/siren-project/results/cameramen/28-10-2020/1603905451-45262/train,/home/chiarlo/siren-project/results/cameramen/28-10-2020/1603905451-45262/train/arch_no_19/trial_no_0/checkpoints/model_final.pth
161,1603905451-45262,90,9,123,True,cameramen,512,512,256.0,256.0,True,0.0001,100000,28-10-2020,/home/chiarlo/siren-project/results/cameramen/28-10-2020/1603905451-45262/train,/home/chiarlo/siren-project/results/cameramen/28-10-2020/1603905451-45262/train/arch_no_20/trial_no_0/checkpoints/model_final.pth
162,1604097384-058852,35,2,0,True,cameramen,512,512,256.0,256.0,True,0.0001,100000,30-10-2020,/home/chiarlo/siren-project/results/cameramen/30-10-2020/1604097384-058852/train,/home/chiarlo/siren-project/results/cameramen/30-10-2020/1604097384-058852/train/arch_no_0/trial_no_0/checkpoints/model_final.pth
163,1604097384-058852,35,2,42,True,cameramen,512,512,256.0,256.0,True,0.0001,100000,30-10-2020,/home/chiarlo/siren-project/results/cameramen/30-10-2020/1604097384-058852/train,/home/chiarlo/siren-project/results/cameramen/30-10-2020/1604097384-058852/train/arch_no_1/trial_no_0/checkpoints/model_final.pth
166,1604097384-058852,35,2,101,True,cameramen,512,512,256.0,256.0,True,0.0001,100000,30-10-2020,/home/chiarlo/siren-project/results/cameramen/30-10-2020/1604097384-058852/train,/home/chiarlo/siren-project/results/cameramen/30-10-2020/1604097384-058852/train/arch_no_2/trial_no_0/checkpoints/model_final.pth
164,1604097384-058852,35,2,123,True,cameramen,512,512,256.0,256.0,True,0.0001,100000,30-10-2020,/home/chiarlo/siren-project/results/cameramen/30-10-2020/1604097384-058852/train,/home/chiarlo/siren-project/results/cameramen/30-10-2020/1604097384-058852/train/arch_no_3/trial_no_0/checkpoints/model_final.pth
165,1604097384-058852,35,2,1234,True,cameramen,512,512,256.0,256.0,True,0.0001,100000,30-10-2020,/home/chiarlo/siren-project/results/cameramen/30-10-2020/1604097384-058852/train,/home/chiarlo/siren-project/results/cameramen/30-10-2020/1604097384-058852/train/arch_no_4/trial_no_0/checkpoints/model_final.pth
167,1604097384-058852,35,3,0,True,cameramen,512,512,256.0,256.0,True,0.0001,100000,30-10-2020,/home/chiarlo/siren-project/results/cameramen/30-10-2020/1604097384-058852/train,/home/chiarlo/siren-project/results/cameramen/30-10-2020/1604097384-058852/train/arch_no_5/trial_no_0/checkpoints/model_final.pth
168,1604097384-058852,35,3,42,True,cameramen,512,512,256.0,256.0,True,0.0001,100000,30-10-2020,/home/chiarlo/siren-project/results/cameramen/30-10-2020/1604097384-058852/train,/home/chiarlo/siren-project/results/cameramen/30-10-2020/1604097384-058852/train/arch_no_6/trial_no_0/checkpoints/model_final.pth
171,1604097384-058852,35,3,101,True,cameramen,512,512,256.0,256.0,True,0.0001,100000,30-10-2020,/home/chiarlo/siren-project/results/cameramen/30-10-2020/1604097384-058852/train,/home/chiarlo/siren-project/results/cameramen/30-10-2020/1604097384-058852/train/arch_no_7/trial_no_0/checkpoints/model_final.pth
169,1604097384-058852,35,3,123,True,cameramen,512,512,256.0,256.0,True,0.0001,100000,30-10-2020,/home/chiarlo/siren-project/results/cameramen/30-10-2020/1604097384-058852/train,/home/chiarlo/siren-project/results/cameramen/30-10-2020/1604097384-058852/train/arch_no_8/trial_no_0/checkpoints/model_final.pth
170,1604097384-058852,35,3,1234,True,cameramen,512,512,256.0,256.0,True,0.0001,100000,30-10-2020,/home/chiarlo/siren-project/results/cameramen/30-10-2020/1604097384-058852/train,/home/chiarlo/siren-project/results/cameramen/30-10-2020/1604097384-058852/train/arch_no_9/trial_no_0/checkpoints/model_final.pth
172,1604097384-058852,35,4,0,True,cameramen,512,512,256.0,256.0,True,0.0001,100000,30-10-2020,/home/chiarlo/siren-project/results/cameramen/30-10-2020/1604097384-058852/train,/home/chiarlo/siren-project/results/cameramen/30-10-2020/1604097384-058852/train/arch_no_10/trial_no_0/checkpoints/model_final.pth
173,1604097384-058852,35,4,42,True,cameramen,512,512,256.0,256.0,True,0.0001,100000,30-10-2020,/home/chiarlo/siren-project/results/cameramen/30-10-2020/1604097384-058852/train,/home/chiarlo/siren-project/results/cameramen/30-10-2020/1604097384-058852/train/arch_no_11/trial_no_0/checkpoints/model_final.pth
176,1604097384-058852,35,4,101,True,cameramen,512,512,256.0,256.0,True,0.0001,100000,30-10-2020,/home/chiarlo/siren-project/results/cameramen/30-10-2020/1604097384-058852/train,/home/chiarlo/siren-project/results/cameramen/30-10-2020/1604097384-058852/train/arch_no_12/trial_no_0/checkpoints/model_final.pth
174,1604097384-058852,35,4,123,True,cameramen,512,512,256.0,256.0,True,0.0001,100000,30-10-2020,/home/chiarlo/siren-project/results/cameramen/30-10-2020/1604097384-058852/train,/home/chiarlo/siren-project/results/cameramen/30-10-2020/1604097384-058852/train/arch_no_13/trial_no_0/checkpoints/model_final.pth
175,1604097384-058852,35,4,1234,True,cameramen,512,512,256.0,256.0,True,0.0001,100000,30-10-2020,/home/chiarlo/siren-project/results/cameramen/30-10-2020/1604097384-058852/train,/home/chiarlo/siren-project/results/cameramen/30-10-2020/1604097384-058852/train/arch_no_14/trial_no_0/checkpoints/model_final.pth
177,1604097384-058852,35,5,0,True,cameramen,512,512,256.0,256.0,True,0.0001,100000,30-10-2020,/home/chiarlo/siren-project/results/cameramen/30-10-2020/1604097384-058852/train,/home/chiarlo/siren-project/results/cameramen/30-10-2020/1604097384-058852/train/arch_no_15/trial_no_0/checkpoints/model_final.pth
178,1604097384-058852,35,5,42,True,cameramen,512,512,256.0,256.0,True,0.0001,100000,30-10-2020,/home/chiarlo/siren-project/results/cameramen/30-10-2020/1604097384-058852/train,/home/chiarlo/siren-project/results/cameramen/30-10-2020/1604097384-058852/train/arch_no_16/trial_no_0/checkpoints/model_final.pth
181,1604097384-058852,35,5,101,True,cameramen,512,512,256.0,256.0,True,0.0001,100000,30-10-2020,/home/chiarlo/siren-project/results/cameramen/30-10-2020/1604097384-058852/train,/home/chiarlo/siren-project/results/cameramen/30-10-2020/1604097384-058852/train/arch_no_17/trial_no_0/checkpoints/model_final.pth
179,1604097384-058852,35,5,123,True,cameramen,512,512,256.0,256.0,True,0.0001,100000,30-10-2020,/home/chiarlo/siren-project/results/cameramen/30-10-2020/1604097384-058852/train,/home/chiarlo/siren-project/results/cameramen/30-10-2020/1604097384-058852/train/arch_no_18/trial_no_0/checkpoints/model_final.pth
180,1604097384-058852,35,5,1234,True,cameramen,512,512,256.0,256.0,True,0.0001,100000,30-10-2020,/home/chiarlo/siren-project/results/cameramen/30-10-2020/1604097384-058852/train,/home/chiarlo/siren-project/results/cameramen/30-10-2020/1604097384-058852/train/arch_no_19/trial_no_0/checkpoints/model_final.pth
182,1604097384-058852,35,6,0,True,cameramen,512,512,256.0,256.0,True,0.0001,100000,30-10-2020,/home/chiarlo/siren-project/results/cameramen/30-10-2020/1604097384-058852/train,/home/chiarlo/siren-project/results/cameramen/30-10-2020/1604097384-058852/train/arch_no_20/trial_no_0/checkpoints/model_final.pth
183,1604097384-058852,35,6,42,True,cameramen,512,512,256.0,256.0,True,0.0001,100000,30-10-2020,/home/chiarlo/siren-project/results/cameramen/30-10-2020/1604097384-058852/train,/home/chiarlo/siren-project/results/cameramen/30-10-2020/1604097384-058852/train/arch_no_21/trial_no_0/checkpoints/model_final.pth
186,1604097384-058852,35,6,101,True,cameramen,512,512,256.0,256.0,True,0.0001,100000,30-10-2020,/home/chiarlo/siren-project/results/cameramen/30-10-2020/1604097384-058852/train,/home/chiarlo/siren-project/results/cameramen/30-10-2020/1604097384-058852/train/arch_no_22/trial_no_0/checkpoints/model_final.pth
184,1604097384-058852,35,6,123,True,cameramen,512,512,256.0,256.0,True,0.0001,100000,30-10-2020,/home/chiarlo/siren-project/results/cameramen/30-10-2020/1604097384-058852/train,/home/chiarlo/siren-project/results/cameramen/30-10-2020/1604097384-058852/train/arch_no_23/trial_no_0/checkpoints/model_final.pth
185,1604097384-058852,35,6,1234,True,cameramen,512,512,256.0,256.0,True,0.0001,100000,30-10-2020,/home/chiarlo/siren-project/results/cameramen/30-10-2020/1604097384-058852/train,/home/chiarlo/siren-project/results/cameramen/30-10-2020/1604097384-058852/train/arch_no_24/trial_no_0/checkpoints/model_final.pth
187,1604097384-058852,35,7,0,True,cameramen,512,512,256.0,256.0,True,0.0001,100000,30-10-2020,/home/chiarlo/siren-project/results/cameramen/30-10-2020/1604097384-058852/train,/home/chiarlo/siren-project/results/cameramen/30-10-2020/1604097384-058852/train/arch_no_25/trial_no_0/checkpoints/model_final.pth
188,1604097384-058852,35,7,42,True,cameramen,512,512,256.0,256.0,True,0.0001,100000,30-10-2020,/home/chiarlo/siren-project/results/cameramen/30-10-2020/1604097384-058852/train,/home/chiarlo/siren-project/results/cameramen/30-10-2020/1604097384-058852/train/arch_no_26/trial_no_0/checkpoints/model_final.pth
191,1604097384-058852,35,7,101,True,cameramen,512,512,256.0,256.0,True,0.0001,100000,30-10-2020,/home/chiarlo/siren-project/results/cameramen/30-10-2020/1604097384-058852/train,/home/chiarlo/siren-project/results/cameramen/30-10-2020/1604097384-058852/train/arch_no_27/trial_no_0/checkpoints/model_final.pth
189,1604097384-058852,35,7,123,True,cameramen,512,512,256.0,256.0,True,0.0001,100000,30-10-2020,/home/chiarlo/siren-project/results/cameramen/30-10-2020/1604097384-058852/train,/home/chiarlo/siren-project/results/cameramen/30-10-2020/1604097384-058852/train/arch_no_28/trial_no_0/checkpoints/model_final.pth
190,1604097384-058852,35,7,1234,True,cameramen,512,512,256.0,256.0,True,0.0001,100000,30-10-2020,/home/chiarlo/siren-project/results/cameramen/30-10-2020/1604097384-058852/train,/home/chiarlo/siren-project/results/cameramen/30-10-2020/1604097384-058852/train/arch_no_29/trial_no_0/checkpoints/model_final.pth
192,1604097384-058852,35,8,0,True,cameramen,512,512,256.0,256.0,True,0.0001,100000,30-10-2020,/home/chiarlo/siren-project/results/cameramen/30-10-2020/1604097384-058852/train,/home/chiarlo/siren-project/results/cameramen/30-10-2020/1604097384-058852/train/arch_no_30/trial_no_0/checkpoints/model_final.pth
193,1604097384-058852,35,8,42,True,cameramen,512,512,256.0,256.0,True,0.0001,100000,30-10-2020,/home/chiarlo/siren-project/results/cameramen/30-10-2020/1604097384-058852/train,/home/chiarlo/siren-project/results/cameramen/30-10-2020/1604097384-058852/train/arch_no_31/trial_no_0/checkpoints/model_final.pth
196,1604097384-058852,35,8,101,True,cameramen,512,512,256.0,256.0,True,0.0001,100000,30-10-2020,/home/chiarlo/siren-project/results/cameramen/30-10-2020/1604097384-058852/train,/home/chiarlo/siren-project/results/cameramen/30-10-2020/1604097384-058852/train/arch_no_32/trial_no_0/checkpoints/model_final.pth
194,1604097384-058852,35,8,123,True,cameramen,512,512,256.0,256.0,True,0.0001,100000,30-10-2020,/home/chiarlo/siren-project/results/cameramen/30-10-2020/1604097384-058852/train,/home/chiarlo/siren-project/results/cameramen/30-10-2020/1604097384-058852/train/arch_no_33/trial_no_0/checkpoints/model_final.pth
195,1604097384-058852,35,8,1234,True,cameramen,512,512,256.0,256.0,True,0.0001,100000,30-10-2020,/home/chiarlo/siren-project/results/cameramen/30-10-2020/1604097384-058852/train,/home/chiarlo/siren-project/results/cameramen/30-10-2020/1604097384-058852/train/arch_no_34/trial_no_0/checkpoints/model_final.pth
197,1604097384-058852,35,9,0,True,cameramen,512,512,256.0,256.0,True,0.0001,100000,30-10-2020,/home/chiarlo/siren-project/results/cameramen/30-10-2020/1604097384-058852/train,/home/chiarlo/siren-project/results/cameramen/30-10-2020/1604097384-058852/train/arch_no_35/trial_no_0/checkpoints/model_final.pth
198,1604097384-058852,35,9,42,True,cameramen,512,512,256.0,256.0,True,0.0001,100000,30-10-2020,/home/chiarlo/siren-project/results/cameramen/30-10-2020/1604097384-058852/train,/home/chiarlo/siren-project/results/cameramen/30-10-2020/1604097384-058852/train/arch_no_36/trial_no_0/checkpoints/model_final.pth
201,1604097384-058852,35,9,101,True,cameramen,512,512,256.0,256.0,True,0.0001,100000,30-10-2020,/home/chiarlo/siren-project/results/cameramen/30-10-2020/1604097384-058852/train,/home/chiarlo/siren-project/results/cameramen/30-10-2020/1604097384-058852/train/arch_no_37/trial_no_0/checkpoints/model_final.pth
199,1604097384-058852,35,9,123,True,cameramen,512,512,256.0,256.0,True,0.0001,100000,30-10-2020,/home/chiarlo/siren-project/results/cameramen/30-10-2020/1604097384-058852/train,/home/chiarlo/siren-project/results/cameramen/30-10-2020/1604097384-058852/train/arch_no_38/trial_no_0/checkpoints/model_final.pth
200,1604097384-058852,35,9,1234,True,cameramen,512,512,256.0,256.0,True,0.0001,100000,30-10-2020,/home/chiarlo/siren-project/results/cameramen/30-10-2020/1604097384-058852/train,/home/chiarlo/siren-project/results/cameramen/30-10-2020/1604097384-058852/train/arch_no_39/trial_no_0/checkpoints/model_final.pth
202,1604282134-409324,25,2,0,True,cameramen,512,512,256.0,256.0,True,0.0001,100000,02-11-2020,/home/chiarlo/siren-project/results/cameramen/02-11-2020/1604282134-409324/train,/home/chiarlo/siren-project/results/cameramen/02-11-2020/1604282134-409324/train/arch_no_0/trial_no_0/checkpoints/model_final.pth
203,1604282134-409324,25,2,42,True,cameramen,512,512,256.0,256.0,True,0.0001,100000,02-11-2020,/home/chiarlo/siren-project/results/cameramen/02-11-2020/1604282134-409324/train,/home/chiarlo/siren-project/results/cameramen/02-11-2020/1604282134-409324/train/arch_no_1/trial_no_0/checkpoints/model_final.pth
206,1604282134-409324,25,2,101,True,cameramen,512,512,256.0,256.0,True,0.0001,100000,02-11-2020,/home/chiarlo/siren-project/results/cameramen/02-11-2020/1604282134-409324/train,/home/chiarlo/siren-project/results/cameramen/02-11-2020/1604282134-409324/train/arch_no_2/trial_no_0/checkpoints/model_final.pth
204,1604282134-409324,25,2,123,True,cameramen,512,512,256.0,256.0,True,0.0001,100000,02-11-2020,/home/chiarlo/siren-project/results/cameramen/02-11-2020/1604282134-409324/train,/home/chiarlo/siren-project/results/cameramen/02-11-2020/1604282134-409324/train/arch_no_3/trial_no_0/checkpoints/model_final.pth
205,1604282134-409324,25,2,1234,True,cameramen,512,512,256.0,256.0,True,0.0001,100000,02-11-2020,/home/chiarlo/siren-project/results/cameramen/02-11-2020/1604282134-409324/train,/home/chiarlo/siren-project/results/cameramen/02-11-2020/1604282134-409324/train/arch_no_4/trial_no_0/checkpoints/model_final.pth
207,1604282134-409324,25,3,0,True,cameramen,512,512,256.0,256.0,True,0.0001,100000,02-11-2020,/home/chiarlo/siren-project/results/cameramen/02-11-2020/1604282134-409324/train,/home/chiarlo/siren-project/results/cameramen/02-11-2020/1604282134-409324/train/arch_no_5/trial_no_0/checkpoints/model_final.pth
208,1604282134-409324,25,3,42,True,cameramen,512,512,256.0,256.0,True,0.0001,100000,02-11-2020,/home/chiarlo/siren-project/results/cameramen/02-11-2020/1604282134-409324/train,/home/chiarlo/siren-project/results/cameramen/02-11-2020/1604282134-409324/train/arch_no_6/trial_no_0/checkpoints/model_final.pth
211,1604282134-409324,25,3,101,True,cameramen,512,512,256.0,256.0,True,0.0001,100000,02-11-2020,/home/chiarlo/siren-project/results/cameramen/02-11-2020/1604282134-409324/train,/home/chiarlo/siren-project/results/cameramen/02-11-2020/1604282134-409324/train/arch_no_7/trial_no_0/checkpoints/model_final.pth
209,1604282134-409324,25,3,123,True,cameramen,512,512,256.0,256.0,True,0.0001,100000,02-11-2020,/home/chiarlo/siren-project/results/cameramen/02-11-2020/1604282134-409324/train,/home/chiarlo/siren-project/results/cameramen/02-11-2020/1604282134-409324/train/arch_no_8/trial_no_0/checkpoints/model_final.pth
210,1604282134-409324,25,3,1234,True,cameramen,512,512,256.0,256.0,True,0.0001,100000,02-11-2020,/home/chiarlo/siren-project/results/cameramen/02-11-2020/1604282134-409324/train,/home/chiarlo/siren-project/results/cameramen/02-11-2020/1604282134-409324/train/arch_no_9/trial_no_0/checkpoints/model_final.pth
212,1604282134-409324,25,4,0,True,cameramen,512,512,256.0,256.0,True,0.0001,100000,02-11-2020,/home/chiarlo/siren-project/results/cameramen/02-11-2020/1604282134-409324/train,/home/chiarlo/siren-project/results/cameramen/02-11-2020/1604282134-409324/train/arch_no_10/trial_no_0/checkpoints/model_final.pth
213,1604282134-409324,25,4,42,True,cameramen,512,512,256.0,256.0,True,0.0001,100000,02-11-2020,/home/chiarlo/siren-project/results/cameramen/02-11-2020/1604282134-409324/train,/home/chiarlo/siren-project/results/cameramen/02-11-2020/1604282134-409324/train/arch_no_11/trial_no_0/checkpoints/model_final.pth
216,1604282134-409324,25,4,101,True,cameramen,512,512,256.0,256.0,True,0.0001,100000,02-11-2020,/home/chiarlo/siren-project/results/cameramen/02-11-2020/1604282134-409324/train,/home/chiarlo/siren-project/results/cameramen/02-11-2020/1604282134-409324/train/arch_no_12/trial_no_0/checkpoints/model_final.pth
214,1604282134-409324,25,4,123,True,cameramen,512,512,256.0,256.0,True,0.0001,100000,02-11-2020,/home/chiarlo/siren-project/results/cameramen/02-11-2020/1604282134-409324/train,/home/chiarlo/siren-project/results/cameramen/02-11-2020/1604282134-409324/train/arch_no_13/trial_no_0/checkpoints/model_final.pth
215,1604282134-409324,25,4,1234,True,cameramen,512,512,256.0,256.0,True,0.0001,100000,02-11-2020,/home/chiarlo/siren-project/results/cameramen/02-11-2020/1604282134-409324/train,/home/chiarlo/siren-project/results/cameramen/02-11-2020/1604282134-409324/train/arch_no_14/trial_no_0/checkpoints/model_final.pth
217,1604282134-409324,25,5,0,True,cameramen,512,512,256.0,256.0,True,0.0001,100000,02-11-2020,/home/chiarlo/siren-project/results/cameramen/02-11-2020/1604282134-409324/train,/home/chiarlo/siren-project/results/cameramen/02-11-2020/1604282134-409324/train/arch_no_15/trial_no_0/checkpoints/model_final.pth
218,1604282134-409324,25,5,42,True,cameramen,512,512,256.0,256.0,True,0.0001,100000,02-11-2020,/home/chiarlo/siren-project/results/cameramen/02-11-2020/1604282134-409324/train,/home/chiarlo/siren-project/results/cameramen/02-11-2020/1604282134-409324/train/arch_no_16/trial_no_0/checkpoints/model_final.pth
221,1604282134-409324,25,5,101,True,cameramen,512,512,256.0,256.0,True,0.0001,100000,02-11-2020,/home/chiarlo/siren-project/results/cameramen/02-11-2020/1604282134-409324/train,/home/chiarlo/siren-project/results/cameramen/02-11-2020/1604282134-409324/train/arch_no_17/trial_no_0/checkpoints/model_final.pth
219,1604282134-409324,25,5,123,True,cameramen,512,512,256.0,256.0,True,0.0001,100000,02-11-2020,/home/chiarlo/siren-project/results/cameramen/02-11-2020/1604282134-409324/train,/home/chiarlo/siren-project/results/cameramen/02-11-2020/1604282134-409324/train/arch_no_18/trial_no_0/checkpoints/model_final.pth
220,1604282134-409324,25,5,1234,True,cameramen,512,512,256.0,256.0,True,0.0001,100000,02-11-2020,/home/chiarlo/siren-project/results/cameramen/02-11-2020/1604282134-409324/train,/home/chiarlo/siren-project/results/cameramen/02-11-2020/1604282134-409324/train/arch_no_19/trial_no_0/checkpoints/model_final.pth
222,1604282134-409324,25,6,0,True,cameramen,512,512,256.0,256.0,True,0.0001,100000,02-11-2020,/home/chiarlo/siren-project/results/cameramen/02-11-2020/1604282134-409324/train,/home/chiarlo/siren-project/results/cameramen/02-11-2020/1604282134-409324/train/arch_no_20/trial_no_0/checkpoints/model_final.pth
223,1604282134-409324,25,6,42,True,cameramen,512,512,256.0,256.0,True,0.0001,100000,02-11-2020,/home/chiarlo/siren-project/results/cameramen/02-11-2020/1604282134-409324/train,/home/chiarlo/siren-project/results/cameramen/02-11-2020/1604282134-409324/train/arch_no_21/trial_no_0/checkpoints/model_final.pth
226,1604282134-409324,25,6,101,True,cameramen,512,512,256.0,256.0,True,0.0001,100000,02-11-2020,/home/chiarlo/siren-project/results/cameramen/02-11-2020/1604282134-409324/train,/home/chiarlo/siren-project/results/cameramen/02-11-2020/1604282134-409324/train/arch_no_22/trial_no_0/checkpoints/model_final.pth
224,1604282134-409324,25,6,123,True,cameramen,512,512,256.0,256.0,True,0.0001,100000,02-11-2020,/home/chiarlo/siren-project/results/cameramen/02-11-2020/1604282134-409324/train,/home/chiarlo/siren-project/results/cameramen/02-11-2020/1604282134-409324/train/arch_no_23/trial_no_0/checkpoints/model_final.pth
225,1604282134-409324,25,6,1234,True,cameramen,512,512,256.0,256.0,True,0.0001,100000,02-11-2020,/home/chiarlo/siren-project/results/cameramen/02-11-2020/1604282134-409324/train,/home/chiarlo/siren-project/results/cameramen/02-11-2020/1604282134-409324/train/arch_no_24/trial_no_0/checkpoints/model_final.pth
227,1604282134-409324,25,7,0,True,cameramen,512,512,256.0,256.0,True,0.0001,100000,02-11-2020,/home/chiarlo/siren-project/results/cameramen/02-11-2020/1604282134-409324/train,/home/chiarlo/siren-project/results/cameramen/02-11-2020/1604282134-409324/train/arch_no_25/trial_no_0/checkpoints/model_final.pth
228,1604282134-409324,25,7,42,True,cameramen,512,512,256.0,256.0,True,0.0001,100000,02-11-2020,/home/chiarlo/siren-project/results/cameramen/02-11-2020/1604282134-409324/train,/home/chiarlo/siren-project/results/cameramen/02-11-2020/1604282134-409324/train/arch_no_26/trial_no_0/checkpoints/model_final.pth
231,1604282134-409324,25,7,101,True,cameramen,512,512,256.0,256.0,True,0.0001,100000,02-11-2020,/home/chiarlo/siren-project/results/cameramen/02-11-2020/1604282134-409324/train,/home/chiarlo/siren-project/results/cameramen/02-11-2020/1604282134-409324/train/arch_no_27/trial_no_0/checkpoints/model_final.pth
229,1604282134-409324,25,7,123,True,cameramen,512,512,256.0,256.0,True,0.0001,100000,02-11-2020,/home/chiarlo/siren-project/results/cameramen/02-11-2020/1604282134-409324/train,/home/chiarlo/siren-project/results/cameramen/02-11-2020/1604282134-409324/train/arch_no_28/trial_no_0/checkpoints/model_final.pth
230,1604282134-409324,25,7,1234,True,cameramen,512,512,256.0,256.0,True,0.0001,100000,02-11-2020,/home/chiarlo/siren-project/results/cameramen/02-11-2020/1604282134-409324/train,/home/chiarlo/siren-project/results/cameramen/02-11-2020/1604282134-409324/train/arch_no_29/trial_no_0/checkpoints/model_final.pth
232,1604282134-409324,25,8,0,True,cameramen,512,512,256.0,256.0,True,0.0001,100000,02-11-2020,/home/chiarlo/siren-project/results/cameramen/02-11-2020/1604282134-409324/train,/home/chiarlo/siren-project/results/cameramen/02-11-2020/1604282134-409324/train/arch_no_30/trial_no_0/checkpoints/model_final.pth
233,1604282134-409324,25,8,42,True,cameramen,512,512,256.0,256.0,True,0.0001,100000,02-11-2020,/home/chiarlo/siren-project/results/cameramen/02-11-2020/1604282134-409324/train,/home/chiarlo/siren-project/results/cameramen/02-11-2020/1604282134-409324/train/arch_no_31/trial_no_0/checkpoints/model_final.pth
236,1604282134-409324,25,8,101,True,cameramen,512,512,256.0,256.0,True,0.0001,100000,02-11-2020,/home/chiarlo/siren-project/results/cameramen/02-11-2020/1604282134-409324/train,/home/chiarlo/siren-project/results/cameramen/02-11-2020/1604282134-409324/train/arch_no_32/trial_no_0/checkpoints/model_final.pth
234,1604282134-409324,25,8,123,True,cameramen,512,512,256.0,256.0,True,0.0001,100000,02-11-2020,/home/chiarlo/siren-project/results/cameramen/02-11-2020/1604282134-409324/train,/home/chiarlo/siren-project/results/cameramen/02-11-2020/1604282134-409324/train/arch_no_33/trial_no_0/checkpoints/model_final.pth
235,1604282134-409324,25,8,1234,True,cameramen,512,512,256.0,256.0,True,0.0001,100000,02-11-2020,/home/chiarlo/siren-project/results/cameramen/02-11-2020/1604282134-409324/train,/home/chiarlo/siren-project/results/cameramen/02-11-2020/1604282134-409324/train/arch_no_34/trial_no_0/checkpoints/model_final.pth
237,1604282134-409324,25,9,0,True,cameramen,512,512,256.0,256.0,True,0.0001,100000,02-11-2020,/home/chiarlo/siren-project/results/cameramen/02-11-2020/1604282134-409324/train,/home/chiarlo/siren-project/results/cameramen/02-11-2020/1604282134-409324/train/arch_no_35/trial_no_0/checkpoints/model_final.pth
238,1604282134-409324,25,9,42,True,cameramen,512,512,256.0,256.0,True,0.0001,100000,02-11-2020,/home/chiarlo/siren-project/results/cameramen/02-11-2020/1604282134-409324/train,/home/chiarlo/siren-project/results/cameramen/02-11-2020/1604282134-409324/train/arch_no_36/trial_no_0/checkpoints/model_final.pth
241,1604282134-409324,25,9,101,True,cameramen,512,512,256.0,256.0,True,0.0001,100000,02-11-2020,/home/chiarlo/siren-project/results/cameramen/02-11-2020/1604282134-409324/train,/home/chiarlo/siren-project/results/cameramen/02-11-2020/1604282134-409324/train/arch_no_37/trial_no_0/checkpoints/model_final.pth
239,1604282134-409324,25,9,123,True,cameramen,512,512,256.0,256.0,True,0.0001,100000,02-11-2020,/home/chiarlo/siren-project/results/cameramen/02-11-2020/1604282134-409324/train,/home/chiarlo/siren-project/results/cameramen/02-11-2020/1604282134-409324/train/arch_no_38/trial_no_0/checkpoints/model_final.pth
240,1604282134-409324,25,9,1234,True,cameramen,512,512,256.0,256.0,True,0.0001,100000,02-11-2020,/home/chiarlo/siren-project/results/cameramen/02-11-2020/1604282134-409324/train,/home/chiarlo/siren-project/results/cameramen/02-11-2020/1604282134-409324/train/arch_no_39/trial_no_0/checkpoints/model_final.pth
